{
  "name": "HormigasAIS Dev Env",
  "image": "mcr.microsoft.com/devcontainers/python:3.11",
  "features": {
    "ghcr.io/devcontainers/features/docker-in-docker:2": {},
    "ghcr.io/devcontainers/features/github-cli:1": {},
    "ghcr.io/devcontainers/features/node:1": {
      "version": "20"
    }
  },
  "customizations": {
    "vscode": {
      "settings": {},
      "extensions": [
        "ms-python.python",
        "ms-azuretools.vscode-docker",
        "esbenp.prettier-vscode"
      ]
    }
  },
  "postCreateCommand": "pip install -r requirements.txt"
}
